timestamp,ARIMA,SARIMA,SARIMAX
2025-10-10 08:00:00,3.5581236889130867,3.341223019430317,1.6269527099682985
2025-10-10 08:30:00,3.165061046401118,3.0814468629524954,1.6985064569065824
2025-10-10 09:00:00,2.815419671513965,3.517721835281437,2.06022659084686
2025-10-10 09:30:00,2.5044028568614354,5.885933258937703,3.9763260549021266
2025-10-10 10:00:00,2.227743782895071,2.8419465886094257,1.80462114823891
2025-10-10 10:30:00,1.981646981686951,1.5550724398986064,1.615471305886989
2025-10-10 11:00:00,1.7627362671508646,1.3941198268629988,1.0787351834632832
2025-10-10 11:30:00,1.5680084173639297,2.041192664651204,2.517660436428016
2025-10-10 12:00:00,1.3947919735594292,2.243164029154755,2.8665744545985374
2025-10-10 12:30:00,1.2407105905569102,0.43566000659284243,1.8823094415216852
2025-10-10 13:00:00,1.103650435836472,0.3603355789835026,1.8815889840738826
2025-10-10 13:30:00,0.981731190007251,0.2980345395853008,1.7402223367879408
2025-10-10 14:00:00,0.8732802508274086,0.714623489732317,2.7257758801471397
2025-10-10 14:30:00,0.7768097868822411,0.6720034160272483,2.7256603255765173
2025-10-10 15:00:00,0.6909963261213071,2.353186038958081,3.2509320671731725
2025-10-10 15:30:00,0.614662599231034,2.3240296926006723,2.6161329043314154
2025-10-10 16:00:00,0.5467613887532082,0.5834805969913895,1.3512249636607407
2025-10-10 16:30:00,0.4863611623764519,3.52828406645105,3.213363267427013
2025-10-10 17:00:00,0.43263329330473943,4.76010231261473,4.161924887536074
2025-10-10 17:30:00,0.3848406923800192,4.122299649068259,3.634866824698778
